,Portfolio,Sharpe,Volatility
0,STI,2.7789900280629327,0.11810669280399598
1,Optimized,3.8675039227583468,0.11688736204001812
